n	p_empirical_two_sided	null_mean	null_std
20000	0.00359982000899955	0.0006755245026465817	0.08981772399737094
