n	alpha	ci_low	ci_high	mean	median	std
20000	0.05	-0.4204465776546688	-0.07256732024787332	-0.2509477741545282	-0.25311140204223553	0.08910733714026059
