beta	se	ci_low	ci_high	p_value	r2
-0.7516730674964782	0.27115009025673553	-1.2887199868185661	-0.2146261481743903	0.006489027664520757	0.06213292152042327
